{
  "project_info": {
    "project_number": "347815382496",
    "project_id": "boxwood-tree-437122-s0",
    "storage_bucket": "boxwood-tree-437122-s0.appspot.com"
  },
  "client": [
    {
      "client_info": {
        "mobilesdk_app_id": "1:347815382496:android:3e0186ee0c365de7d26f85",
        "android_client_info": {
          "package_name": "com.administrador.crmapp"
        }
      },
      "oauth_client": [
        {
          "client_id": "347815382496-1t130c6lmshhlisnmqhrfrngk74oo2mf.apps.googleusercontent.com",
          "client_type": 1,
          "android_info": {
            "package_name": "com.administrador.crmapp",
            "certificate_hash": "9bbb3186b2189ef16d8f272bdab59362c395cbb4"
          }
        },
        {
          "client_id": "347815382496-22qhe5h0h4nm2bhdkc33cjmhiqvsaais.apps.googleusercontent.com",
          "client_type": 1,
          "android_info": {
            "package_name": "com.administrador.crmapp",
            "certificate_hash": "29a726b7fa5d2c79010aa88fd5303158ad69ef04"
          }
        },
        {
          "client_id": "347815382496-aos0dpk6josvtg6o6shbin5b0l1aeumb.apps.googleusercontent.com",
          "client_type": 3
        }
      ],
      "api_key": [
        {
          "current_key": "AIzaSyDV5mw3aRoTwmO6b4jJ_jJ_XD025UUha6A"
        }
      ],
      "services": {
        "appinvite_service": {
          "other_platform_oauth_client": [
            {
              "client_id": "347815382496-aos0dpk6josvtg6o6shbin5b0l1aeumb.apps.googleusercontent.com",
              "client_type": 3
            },
            {
              "client_id": "347815382496-3tkmafgdculjafdrra286tongh6dkv07.apps.googleusercontent.com",
              "client_type": 2,
              "ios_info": {
                "bundle_id": "com.administrador.crmapp"
              }
            }
          ]
        }
      }
    },
    {
      "client_info": {
        "mobilesdk_app_id": "1:347815382496:android:2a3e124bd5c69223d26f85",
        "android_client_info": {
          "package_name": "com.heiyubai.restaurante.chino"
        }
      },
      "oauth_client": [
        {
          "client_id": "347815382496-672jadu80tocamjptfufe61kbsiim51h.apps.googleusercontent.com",
          "client_type": 1,
          "android_info": {
            "package_name": "com.heiyubai.restaurante.chino",
            "certificate_hash": "9bbb3186b2189ef16d8f272bdab59362c395cbb4"
          }
        },
        {
          "client_id": "347815382496-881ii6a7u29l4ut1tf4m71cproe5ebtu.apps.googleusercontent.com",
          "client_type": 1,
          "android_info": {
            "package_name": "com.heiyubai.restaurante.chino",
            "certificate_hash": "cb78e8ddaccd3678bf7121f15b2fb5a2dbb07f50"
          }
        },
        {
          "client_id": "347815382496-l5s1os7n487ogqiikn26u2ponjp60osu.apps.googleusercontent.com",
          "client_type": 1,
          "android_info": {
            "package_name": "com.heiyubai.restaurante.chino",
            "certificate_hash": "eb8b565056833e81c542f7736cd07b228e57b117"
          }
        },
        {
          "client_id": "347815382496-aos0dpk6josvtg6o6shbin5b0l1aeumb.apps.googleusercontent.com",
          "client_type": 3
        }
      ],
      "api_key": [
        {
          "current_key": "AIzaSyDV5mw3aRoTwmO6b4jJ_jJ_XD025UUha6A"
        }
      ],
      "services": {
        "appinvite_service": {
          "other_platform_oauth_client": [
            {
              "client_id": "347815382496-aos0dpk6josvtg6o6shbin5b0l1aeumb.apps.googleusercontent.com",
              "client_type": 3
            },
            {
              "client_id": "347815382496-3tkmafgdculjafdrra286tongh6dkv07.apps.googleusercontent.com",
              "client_type": 2,
              "ios_info": {
                "bundle_id": "com.administrador.crmapp"
              }
            }
          ]
        }
      }
    },
    {
      "client_info": {
        "mobilesdk_app_id": "1:347815382496:android:df09265ce9d926f8d26f85",
        "android_client_info": {
          "package_name": "com.restaurante.heiyubai"
        }
      },
      "oauth_client": [
        {
          "client_id": "347815382496-bomkpm0cl5e0fd3lc23uhdlksd63moql.apps.googleusercontent.com",
          "client_type": 1,
          "android_info": {
            "package_name": "com.restaurante.heiyubai",
            "certificate_hash": "9bbb3186b2189ef16d8f272bdab59362c395cbb4"
          }
        },
        {
          "client_id": "347815382496-i4pf8upesgd3jctker27733oih980tn8.apps.googleusercontent.com",
          "client_type": 1,
          "android_info": {
            "package_name": "com.restaurante.heiyubai",
            "certificate_hash": "29a726b7fa5d2c79010aa88fd5303158ad69ef04"
          }
        },
        {
          "client_id": "347815382496-rindigb36n38tlpuv9covgljsp1ju5ee.apps.googleusercontent.com",
          "client_type": 1,
          "android_info": {
            "package_name": "com.restaurante.heiyubai",
            "certificate_hash": "89bccd1fb6986abffc037c61ee11a3c0230c9a9e"
          }
        },
        {
          "client_id": "347815382496-velasmho9rn38iq7ebhd2fo7tl6tk8t7.apps.googleusercontent.com",
          "client_type": 1,
          "android_info": {
            "package_name": "com.restaurante.heiyubai",
            "certificate_hash": "adeb8d9395b05e572397a2d85d6c6790237eac43"
          }
        },
        {
          "client_id": "347815382496-aos0dpk6josvtg6o6shbin5b0l1aeumb.apps.googleusercontent.com",
          "client_type": 3
        }
      ],
      "api_key": [
        {
          "current_key": "AIzaSyDV5mw3aRoTwmO6b4jJ_jJ_XD025UUha6A"
        }
      ],
      "services": {
        "appinvite_service": {
          "other_platform_oauth_client": [
            {
              "client_id": "347815382496-aos0dpk6josvtg6o6shbin5b0l1aeumb.apps.googleusercontent.com",
              "client_type": 3
            },
            {
              "client_id": "347815382496-3tkmafgdculjafdrra286tongh6dkv07.apps.googleusercontent.com",
              "client_type": 2,
              "ios_info": {
                "bundle_id": "com.administrador.crmapp"
              }
            }
          ]
        }
      }
    }
  ],
  "configuration_version": "1"
}