{"v":"5.6.10","fr":60,"ip":0,"op":151,"w":164,"h":159,"nm":"sleeping panda","ddd":0,"assets":[{"id":"comp_0","layers":[{"ddd":0,"ind":1,"ty":5,"nm":"Z 2","sr":1.07142857142857,"ks":{"o":{"a":1,"k":[{"i":{"x":[0.667],"y":[1]},"o":{"x":[0.333],"y":[0]},"t":96.428,"s":[0]},{"i":{"x":[0.667],"y":[1]},"o":{"x":[0.333],"y":[0]},"t":128.571,"s":[100]},{"t":150.000651047318,"s":[0]}],"ix":11},"r":{"a":0,"k":0,"ix":10},"p":{"a":0,"k":[555.5,130.25,0],"ix":2},"a":{"a":0,"k":[23,-23.25,0],"ix":1},"s":{"a":0,"k":[100,100,100],"ix":6}},"ao":0,"t":{"d":{"k":[{"s":{"s":36,"f":"Montserrat-SemiBold","t":"Z","j":0,"tr":0,"lh":43.2,"ls":0,"fc":[0,0,0]},"t":0}]},"p":{},"m":{"g":1,"a":{"a":0,"k":[0,0],"ix":2}},"a":[]},"ip":75,"op":150,"st":75,"bm":0},{"ddd":0,"ind":2,"ty":5,"nm":"Z","sr":0.82417582417582,"ks":{"o":{"a":1,"k":[{"i":{"x":[0.667],"y":[1]},"o":{"x":[0.333],"y":[0]},"t":0,"s":[0]},{"i":{"x":[0.667],"y":[1]},"o":{"x":[0.333],"y":[0]},"t":49.451,"s":[100]},{"t":74.1758241758242,"s":[0]}],"ix":11},"r":{"a":0,"k":0,"ix":10},"p":{"a":0,"k":[510,158.5,0],"ix":2},"a":{"a":0,"k":[9.5,-9.5,0],"ix":1},"s":{"a":0,"k":[100,100,100],"ix":6}},"ao":0,"t":{"d":{"k":[{"s":{"s":27,"f":"Montserrat-SemiBold","t":"Z","j":0,"tr":0,"lh":32.4,"ls":0,"fc":[0,0,0]},"t":0}]},"p":{},"m":{"g":1,"a":{"a":0,"k":[0,0],"ix":2}},"a":[]},"ip":0,"op":75,"st":0,"bm":0},{"ddd":0,"ind":3,"ty":0,"nm":"Ã¢ÂÂ½ Group 11","refId":"comp_1","sr":1,"ks":{"o":{"a":0,"k":100,"ix":11},"r":{"a":0,"k":0,"ix":10},"p":{"a":0,"k":[116.051,298.955,0],"ix":2},"a":{"a":0,"k":[51.5,259.5,0],"ix":1},"s":{"a":1,"k":[{"i":{"x":[0.667,0.667,0.667],"y":[1,1,1]},"o":{"x":[0.333,0.333,0.333],"y":[0,0,0]},"t":0,"s":[100,100,100]},{"i":{"x":[0.667,0.667,0.667],"y":[1,1,1]},"o":{"x":[0.333,0.333,0.333],"y":[0,0,0]},"t":65,"s":[100,95,100]},{"t":130,"s":[100,100,100]}],"ix":6}},"ao":0,"w":471,"h":291,"ip":0,"op":300,"st":0,"bm":0}]},{"id":"comp_1","layers":[{"ddd":0,"ind":1,"ty":4,"nm":"Vector","sr":1,"ks":{"o":{"a":0,"k":100,"ix":11},"r":{"a":0,"k":0,"ix":10},"p":{"a":0,"k":[235.449,145.545,0],"ix":2},"a":{"a":0,"k":[0,0,0],"ix":1},"s":{"a":0,"k":[100,100,100],"ix":6}},"ao":0,"shapes":[{"ty":"gr","it":[{"ind":0,"ty":"sh","ix":1,"ks":{"a":0,"k":{"i":[[-0.37,-13.09],[-2.587,-4.137],[3.819,-5.372],[9.116,-0.309],[4.927,-0.864],[14.29,0],[3.572,1.297],[6.344,0],[4.989,0.185],[-0.554,12.287],[-1.54,2.902],[-1.417,4.507],[-7.33,4.816],[-2.279,-2.099],[-14.782,0],[-9.301,-9.2],[-1.909,-4.878],[-0.801,0],[-5.112,0.37],[1.047,-5.125]],"o":[[0.985,0.494],[9.054,3.458],[-3.018,4.384],[-6.406,4.322],[-2.895,7.718],[-4.435,0],[-8.623,0],[-3.634,1.544],[-22.974,-0.803],[0.246,-5.372],[0.062,-4.754],[-5.975,-1.976],[4.311,-2.84],[9.608,-11.731],[13.119,0],[5.174,-3.643],[0.801,-0.123],[1.848,-3.087],[8.377,-0.679],[10.348,6.298]],"v":[[62.345,4.77],[69.243,10.019],[76.696,29.406],[58.095,34.716],[39.802,41.755],[12.701,48.423],[0.69,46.448],[-38.421,46.448],[-51.479,48.485],[-77.902,12.241],[-75.007,0.078],[-72.852,-13.815],[-73.96,-31.227],[-63.921,-30.362],[-25.548,-48.515],[9.436,-34.005],[21.57,-30.98],[24.034,-31.165],[33.95,-37.463],[44.483,-25.855]],"c":true},"ix":2},"nm":"Path 1","mn":"ADBE Vector Shape - Group","hd":false},{"ind":1,"ty":"sh","ix":2,"ks":{"a":0,"k":{"i":[[-3.018,-4.137],[-6.467,3.272],[4.188,4.446],[6.344,-3.519]],"o":[[2.217,3.025],[7.884,-4.013],[-2.094,-2.161],[-7.761,4.322]],"v":[[-53.08,43.484],[-39.099,43.299],[-32.077,26.628],[-44.827,27.183]],"c":true},"ix":2},"nm":"Path 2","mn":"ADBE Vector Shape - Group","hd":false},{"ind":2,"ty":"sh","ix":3,"ks":{"a":0,"k":{"i":[[-6.467,4.569],[-1.355,5.557],[4.188,1.482],[0.493,0.247],[0.185,2.964],[1.047,3.581],[15.213,-1.358],[1.17,-1.111],[2.772,-4.631],[0.062,8.644],[-2.772,3.396],[12.319,0],[2.279,-22.598],[-2.648,-11.176],[-1.478,-4.754],[-4.127,-5.433],[8.561,-6.977],[0,0],[0.985,14.51],[-6.282,-1.235],[-1.232,-7.656],[-6.159,-0.988],[-7.699,-1.358],[0.493,-6.113]],"o":[[2.587,-1.914],[1.047,-4.137],[-0.739,-0.247],[-3.08,-1.297],[-0.308,-4.075],[-5.667,-12.905],[0.062,1.729],[-4.743,4.507],[-2.341,3.89],[0,-2.902],[-8.623,-8.582],[-24.699,0],[8.561,-8.027],[0.554,2.161],[4.558,-1.42],[4.681,6.113],[0,0],[-10.348,-6.668],[-0.678,-9.015],[4.188,0.803],[1.786,11.176],[8.253,1.297],[8.808,1.605],[5.297,-1.05]],"v":[[59.265,30.209],[67.95,18.91],[62.406,7.981],[60.62,7.24],[55.2,1.93],[56.493,-7.826],[22.063,-28.139],[20.461,-23.632],[14.425,-15.914],[4.509,-21.286],[7.219,-32.029],[-25.548,-45.551],[-71.805,-4.183],[-47.968,3.597],[-44.704,15.143],[-29.675,18.539],[-33.494,43.422],[-5.408,43.422],[-21.976,9.586],[-12.552,-10.419],[-7.563,2.856],[9.128,21.873],[28.345,23.479],[40.541,38.606]],"c":true},"ix":2},"nm":"Path 3","mn":"ADBE Vector Shape - Group","hd":false},{"ty":"mm","mm":5,"nm":"Merge Paths 1","mn":"ADBE Vector Filter - Merge","hd":false},{"ty":"fl","c":{"a":0,"k":[0.137254908681,0.121568627656,0.1254902035,1],"ix":4},"o":{"a":0,"k":100,"ix":5},"r":1,"bm":0,"nm":"Fill 1","mn":"ADBE Vector Graphic - Fill","hd":false},{"ty":"tr","p":{"a":0,"k":[0,0],"ix":2},"a":{"a":0,"k":[0,0],"ix":1},"s":{"a":0,"k":[300,300],"ix":3},"r":{"a":0,"k":0,"ix":6},"o":{"a":0,"k":100,"ix":7},"sk":{"a":0,"k":0,"ix":4},"sa":{"a":0,"k":0,"ix":5},"nm":"Transform"}],"nm":"Vector","np":5,"cix":2,"bm":0,"ix":1,"mn":"ADBE Vector Group","hd":false}],"ip":0,"op":300,"st":0,"bm":0},{"ddd":0,"ind":2,"ty":4,"nm":"Vector","sr":1,"ks":{"o":{"a":0,"k":100,"ix":11},"r":{"a":0,"k":0,"ix":10},"p":{"a":0,"k":[420.398,195.4,0],"ix":2},"a":{"a":0,"k":[0,0,0],"ix":1},"s":{"a":0,"k":[100,100,100],"ix":6}},"ao":0,"shapes":[{"ty":"gr","it":[{"ind":0,"ty":"sh","ix":1,"ks":{"a":0,"k":{"i":[[2.648,-3.334],[-2.094,2.902],[-0.062,0]],"o":[[-2.156,2.717],[1.725,-2.346],[4.188,0]],"v":[[2.296,3.773],[-4.171,-1.969],[1.742,-4.501]],"c":true},"ix":2},"nm":"Path 1","mn":"ADBE Vector Shape - Group","hd":false},{"ty":"fl","c":{"a":0,"k":[0.137254908681,0.121568627656,0.1254902035,1],"ix":4},"o":{"a":0,"k":100,"ix":5},"r":1,"bm":0,"nm":"Fill 1","mn":"ADBE Vector Graphic - Fill","hd":false},{"ty":"tr","p":{"a":0,"k":[0,0],"ix":2},"a":{"a":0,"k":[0,0],"ix":1},"s":{"a":0,"k":[300,300],"ix":3},"r":{"a":0,"k":0,"ix":6},"o":{"a":0,"k":100,"ix":7},"sk":{"a":0,"k":0,"ix":4},"sa":{"a":0,"k":0,"ix":5},"nm":"Transform"}],"nm":"Vector","np":2,"cix":2,"bm":0,"ix":1,"mn":"ADBE Vector Group","hd":false}],"ip":0,"op":300,"st":0,"bm":0},{"ddd":0,"ind":3,"ty":4,"nm":"Vector","sr":1,"ks":{"o":{"a":0,"k":100,"ix":11},"r":{"a":0,"k":0,"ix":10},"p":{"a":0,"k":[348.835,167.028,0],"ix":2},"a":{"a":0,"k":[0,0,0],"ix":1},"s":{"a":0,"k":[100,100,100],"ix":6}},"ao":0,"shapes":[{"ty":"gr","it":[{"ind":0,"ty":"sh","ix":1,"ks":{"a":0,"k":{"i":[[-2.895,8.274],[-7.576,0.926],[-1.848,-4.075],[2.71,-1.914],[4.681,-1.914]],"o":[[1.355,-3.952],[5.851,-0.741],[1.232,2.84],[-6.837,4.754],[-10.224,4.199]],"v":[[-12.406,-2.823],[-0.211,-12.949],[12.539,-6.219],[10.445,1.252],[0.775,12.119]],"c":true},"ix":2},"nm":"Path 1","mn":"ADBE Vector Shape - Group","hd":false},{"ty":"fl","c":{"a":0,"k":[0.137254908681,0.121568627656,0.1254902035,1],"ix":4},"o":{"a":0,"k":100,"ix":5},"r":1,"bm":0,"nm":"Fill 1","mn":"ADBE Vector Graphic - Fill","hd":false},{"ty":"tr","p":{"a":0,"k":[0,0],"ix":2},"a":{"a":0,"k":[0,0],"ix":1},"s":{"a":0,"k":[300,300],"ix":3},"r":{"a":0,"k":0,"ix":6},"o":{"a":0,"k":100,"ix":7},"sk":{"a":0,"k":0,"ix":4},"sa":{"a":0,"k":0,"ix":5},"nm":"Transform"}],"nm":"Vector","np":2,"cix":2,"bm":0,"ix":1,"mn":"ADBE Vector Group","hd":false}],"ip":0,"op":300,"st":0,"bm":0},{"ddd":0,"ind":4,"ty":4,"nm":"Vector","sr":1,"ks":{"o":{"a":0,"k":100,"ix":11},"r":{"a":0,"k":0,"ix":10},"p":{"a":0,"k":[230.089,142.444,0],"ix":2},"a":{"a":0,"k":[0,0,0],"ix":1},"s":{"a":0,"k":[100,100,100],"ix":6}},"ao":0,"shapes":[{"ty":"gr","it":[{"ind":0,"ty":"sh","ix":1,"ks":{"a":0,"k":{"i":[[-3.08,-1.235],[-0.678,-0.247],[0.985,-4.199],[2.648,-1.852],[5.297,-1.05],[8.746,1.544],[8.192,1.297],[1.848,11.176],[4.127,0.803],[-0.616,-9.015],[-10.348,-6.668],[0,0],[4.743,6.174],[4.558,-1.42],[0.493,2.161],[8.561,-8.027],[-24.699,0],[-8.746,-8.582],[0,-2.902],[-2.341,3.89],[-4.743,4.507],[0.062,1.729],[-5.605,-12.905],[-0.308,-4.075]],"o":[[0.493,0.247],[4.188,1.482],[-1.355,5.619],[-6.467,4.569],[0.431,-6.113],[-7.699,-1.358],[-6.159,-0.926],[-1.293,-7.656],[-6.282,-1.235],[0.985,14.448],[0,0],[8.561,-6.977],[-4.127,-5.372],[-1.478,-4.816],[-2.648,-11.176],[2.341,-22.66],[12.319,0],[-2.772,3.396],[0,8.644],[2.71,-4.631],[1.17,-1.111],[15.213,-1.358],[1.047,3.643],[0.246,2.964]],"v":[[62.407,8.274],[64.193,9.015],[69.798,20.005],[61.113,31.304],[42.389,39.701],[30.194,24.574],[10.977,22.969],[-5.715,3.952],[-10.704,-9.323],[-20.128,10.682],[-3.559,44.518],[-31.707,44.518],[-27.888,19.635],[-42.917,16.239],[-46.182,4.693],[-70.018,-3.087],[-23.762,-44.518],[9.067,-30.996],[6.357,-20.252],[16.274,-14.88],[22.31,-22.598],[23.911,-27.106],[58.28,-6.792],[56.986,2.964]],"c":true},"ix":2},"nm":"Path 1","mn":"ADBE Vector Shape - Group","hd":false},{"ind":1,"ty":"sh","ix":2,"ks":{"a":0,"k":{"i":[[-10.224,4.26],[-6.837,4.754],[1.232,2.84],[5.851,-0.741],[1.355,-3.952]],"o":[[4.681,-1.914],[2.71,-1.914],[-1.786,-4.075],[-7.576,0.926],[-2.895,8.274]],"v":[[40.356,20.314],[50.026,9.447],[52.059,1.976],[39.371,-4.754],[27.175,5.372]],"c":true},"ix":2},"nm":"Path 2","mn":"ADBE Vector Shape - Group","hd":false},{"ind":2,"ty":"sh","ix":3,"ks":{"a":0,"k":{"i":[[1.725,-2.408],[-2.156,2.717],[4.25,0]],"o":[[-2.094,2.902],[2.648,-3.334],[0,0]],"v":[[59.204,15.683],[65.671,21.425],[65.055,13.151]],"c":true},"ix":2},"nm":"Path 3","mn":"ADBE Vector Shape - Group","hd":false},{"ty":"mm","mm":5,"nm":"Merge Paths 1","mn":"ADBE Vector Filter - Merge","hd":false},{"ty":"fl","c":{"a":0,"k":[1,1,1,1],"ix":4},"o":{"a":0,"k":100,"ix":5},"r":1,"bm":0,"nm":"Fill 1","mn":"ADBE Vector Graphic - Fill","hd":false},{"ty":"tr","p":{"a":0,"k":[0,0],"ix":2},"a":{"a":0,"k":[0,0],"ix":1},"s":{"a":0,"k":[300,300],"ix":3},"r":{"a":0,"k":0,"ix":6},"o":{"a":0,"k":100,"ix":7},"sk":{"a":0,"k":0,"ix":4},"sa":{"a":0,"k":0,"ix":5},"nm":"Transform"}],"nm":"Vector","np":5,"cix":2,"bm":0,"ix":1,"mn":"ADBE Vector Group","hd":false}],"ip":0,"op":300,"st":0,"bm":0},{"ddd":0,"ind":5,"ty":4,"nm":"Vector","sr":1,"ks":{"o":{"a":0,"k":100,"ix":11},"r":{"a":0,"k":0,"ix":10},"p":{"a":0,"k":[108.83,251.302,0],"ix":2},"a":{"a":0,"k":[0,0,0],"ix":1},"s":{"a":0,"k":[100,100,100],"ix":6}},"ao":0,"shapes":[{"ty":"gr","it":[{"ind":0,"ty":"sh","ix":1,"ks":{"a":0,"k":{"i":[[-7.761,4.322],[-2.033,-2.223],[7.884,-4.013],[2.217,3.087]],"o":[[6.344,-3.581],[4.188,4.446],[-6.467,3.272],[-3.018,-4.137]],"v":[[-2.62,-8.069],[10.129,-8.625],[3.108,8.046],[-10.874,8.232]],"c":true},"ix":2},"nm":"Path 1","mn":"ADBE Vector Shape - Group","hd":false},{"ty":"fl","c":{"a":0,"k":[1,1,1,1],"ix":4},"o":{"a":0,"k":100,"ix":5},"r":1,"bm":0,"nm":"Fill 1","mn":"ADBE Vector Graphic - Fill","hd":false},{"ty":"tr","p":{"a":0,"k":[0,0],"ix":2},"a":{"a":0,"k":[0,0],"ix":1},"s":{"a":0,"k":[300,300],"ix":3},"r":{"a":0,"k":0,"ix":6},"o":{"a":0,"k":100,"ix":7},"sk":{"a":0,"k":0,"ix":4},"sa":{"a":0,"k":0,"ix":5},"nm":"Transform"}],"nm":"Vector","np":2,"cix":2,"bm":0,"ix":1,"mn":"ADBE Vector Group","hd":false}],"ip":0,"op":300,"st":0,"bm":0}]}],"fonts":{"list":[{"fName":"Montserrat-SemiBold","fFamily":"Montserrat","fStyle":"SemiBold","ascent":74.1989135742188}]},"layers":[{"ddd":0,"ind":1,"ty":0,"nm":"panda","refId":"comp_0","sr":1,"ks":{"o":{"a":0,"k":100,"ix":11},"r":{"a":0,"k":0,"ix":10},"p":{"a":0,"k":[77,92,0],"ix":2},"a":{"a":0,"k":[300,185.5,0],"ix":1},"s":{"a":0,"k":[23.778,23.778,100],"ix":6}},"ao":0,"w":600,"h":371,"ip":0,"op":300,"st":0,"bm":0},{"ddd":0,"ind":2,"ty":4,"nm":"Ellipse 19","sr":1,"ks":{"o":{"a":0,"k":100,"ix":11},"r":{"a":0,"k":0,"ix":10},"p":{"a":0,"k":[82,79,0],"ix":2},"a":{"a":0,"k":[0,0,0],"ix":1},"s":{"a":0,"k":[165.93,165.93,100],"ix":6}},"ao":0,"shapes":[{"ty":"gr","it":[{"d":1,"ty":"el","s":{"a":0,"k":[159,159],"ix":2},"p":{"a":0,"k":[0,0],"ix":3},"nm":"Ellipse Path 1","mn":"ADBE Vector Shape - Ellipse","hd":false},{"ty":"gf","o":{"a":0,"k":100,"ix":10},"r":1,"bm":0,"g":{"p":3,"k":{"a":0,"k":[0,0.921,1,0.929,0.5,0.845,0.996,0.86,1,0.769,0.992,0.791,0,1,0.5,0.5,1,0],"ix":9}},"s":{"a":0,"k":[0,-79.5],"ix":5},"e":{"a":0,"k":[0,56.118],"ix":6},"t":1,"nm":"Gradient Fill 1","mn":"ADBE Vector Graphic - G-Fill","hd":false},{"ty":"tr","p":{"a":0,"k":[0,0],"ix":2},"a":{"a":0,"k":[0,0],"ix":1},"s":{"a":0,"k":[43.733,43.733],"ix":3},"r":{"a":0,"k":0,"ix":6},"o":{"a":0,"k":100,"ix":7},"sk":{"a":0,"k":0,"ix":4},"sa":{"a":0,"k":0,"ix":5},"nm":"Transform"}],"nm":"Ellipse 19","np":2,"cix":2,"bm":0,"ix":1,"mn":"ADBE Vector Group","hd":false}],"ip":0,"op":300,"st":0,"bm":0}],"markers":[],"chars":[{"ch":"Z","size":27,"style":"SemiBold","w":66.3,"data":{"shapes":[{"ty":"gr","it":[{"ind":0,"ty":"sh","ix":1,"ks":{"a":0,"k":{"i":[[0,0],[0,0],[0,0],[0,0],[0,0],[0,0],[0,0],[0,0],[0,0],[0,0]],"o":[[0,0],[0,0],[0,0],[0,0],[0,0],[0,0],[0,0],[0,0],[0,0],[0,0]],"v":[[21.451,-11.078],[62.943,-61.734],[62.943,-70.496],[4.834,-70.496],[4.834,-59.418],[45.621,-59.418],[4.129,-8.762],[4.129,0],[64.252,0],[64.252,-11.078]],"c":true},"ix":2},"nm":"Z","mn":"ADBE Vector Shape - Group","hd":false}],"nm":"Z","np":3,"cix":2,"bm":0,"ix":1,"mn":"ADBE Vector Group","hd":false}]},"fFamily":"Montserrat"}]}