{"nm":"test","ddd":0,"h":1080,"w":1080,"meta":{"g":"LottieFiles AE 0.1.21"},"layers":[{"ty":4,"nm":"Shape Layer 3","sr":1,"st":0,"op":300,"ip":0,"hd":false,"ddd":0,"bm":0,"hasMask":false,"ao":0,"ks":{"a":{"a":0,"k":[-32,276,0],"ix":1},"s":{"a":0,"k":[125,125,100],"ix":6},"sk":{"a":0,"k":0},"p":{"a":0,"k":[542,812,0],"ix":2},"r":{"a":0,"k":0,"ix":10},"sa":{"a":0,"k":0},"o":{"a":0,"k":100,"ix":11}},"ef":[],"shapes":[{"ty":"gr","bm":0,"hd":false,"mn":"ADBE Vector Group","nm":"Shape 1","ix":1,"cix":2,"np":3,"it":[{"ty":"sh","bm":0,"hd":false,"mn":"ADBE Vector Shape - Group","nm":"Path 1","ix":1,"d":1,"ks":{"a":0,"k":{"c":false,"i":[[0,0],[0,0]],"o":[[0,0],[0,0]],"v":[[-190,276],[126,276]]},"ix":2}},{"ty":"tm","bm":0,"hd":false,"mn":"ADBE Vector Filter - Trim","nm":"Trim Paths 1","ix":2,"e":{"a":1,"k":[{"o":{"x":0.333,"y":0},"i":{"x":0.241,"y":1},"s":[75],"t":40},{"o":{"x":0.333,"y":0},"i":{"x":0.383,"y":1},"s":[75],"t":46},{"s":[100],"t":55}],"ix":2},"o":{"a":0,"k":0,"ix":3},"s":{"a":1,"k":[{"o":{"x":0.333,"y":0},"i":{"x":0.241,"y":1},"s":[10],"t":40},{"o":{"x":0.333,"y":0},"i":{"x":0.383,"y":1},"s":[12],"t":46},{"s":[100],"t":55}],"ix":1},"m":1},{"ty":"st","bm":0,"hd":false,"mn":"ADBE Vector Graphic - Stroke","nm":"Stroke 1","lc":2,"lj":2,"ml":1,"o":{"a":0,"k":100,"ix":4},"w":{"a":0,"k":15,"ix":5},"c":{"a":0,"k":[0,0,0],"ix":3}},{"ty":"tr","a":{"a":0,"k":[0,0],"ix":1},"s":{"a":0,"k":[100,100],"ix":3},"sk":{"a":0,"k":0,"ix":4},"p":{"a":0,"k":[0,0],"ix":2},"r":{"a":0,"k":0,"ix":6},"sa":{"a":0,"k":0,"ix":5},"o":{"a":0,"k":100,"ix":7}}]}],"ind":1},{"ty":4,"nm":"Shape Layer 2","sr":1,"st":0,"op":300,"ip":0,"hd":false,"ddd":0,"bm":0,"hasMask":false,"ao":0,"ks":{"a":{"a":0,"k":[-32,276,0],"ix":1},"s":{"a":0,"k":[125,125,100],"ix":6},"sk":{"a":0,"k":0},"p":{"a":0,"k":[542,812,0],"ix":2},"r":{"a":0,"k":0,"ix":10},"sa":{"a":0,"k":0},"o":{"a":0,"k":100,"ix":11}},"ef":[],"shapes":[{"ty":"gr","bm":0,"hd":false,"mn":"ADBE Vector Group","nm":"Shape 1","ix":1,"cix":2,"np":3,"it":[{"ty":"sh","bm":0,"hd":false,"mn":"ADBE Vector Shape - Group","nm":"Path 1","ix":1,"d":1,"ks":{"a":0,"k":{"c":false,"i":[[0,0],[0,0]],"o":[[0,0],[0,0]],"v":[[-190,276],[126,276]]},"ix":2}},{"ty":"tm","bm":0,"hd":false,"mn":"ADBE Vector Filter - Trim","nm":"Trim Paths 1","ix":2,"e":{"a":1,"k":[{"o":{"x":0.333,"y":0},"i":{"x":0.241,"y":1},"s":[75],"t":25},{"o":{"x":0.333,"y":0},"i":{"x":0.383,"y":1},"s":[75],"t":31},{"s":[100],"t":40}],"ix":2},"o":{"a":0,"k":0,"ix":3},"s":{"a":1,"k":[{"o":{"x":0.333,"y":0},"i":{"x":0.241,"y":1},"s":[10],"t":25},{"o":{"x":0.333,"y":0},"i":{"x":0.383,"y":1},"s":[12],"t":31},{"s":[100],"t":40}],"ix":1},"m":1},{"ty":"st","bm":0,"hd":false,"mn":"ADBE Vector Graphic - Stroke","nm":"Stroke 1","lc":2,"lj":2,"ml":1,"o":{"a":0,"k":100,"ix":4},"w":{"a":0,"k":15,"ix":5},"c":{"a":0,"k":[0,0,0],"ix":3}},{"ty":"tr","a":{"a":0,"k":[0,0],"ix":1},"s":{"a":0,"k":[100,100],"ix":3},"sk":{"a":0,"k":0,"ix":4},"p":{"a":0,"k":[0,0],"ix":2},"r":{"a":0,"k":0,"ix":6},"sa":{"a":0,"k":0,"ix":5},"o":{"a":0,"k":100,"ix":7}}]}],"ind":2},{"ty":4,"nm":"Shape Layer 1","sr":1,"st":0,"op":300,"ip":0,"hd":false,"ddd":0,"bm":0,"hasMask":false,"ao":0,"ks":{"a":{"a":0,"k":[-32,276,0],"ix":1},"s":{"a":0,"k":[125,125,100],"ix":6},"sk":{"a":0,"k":0},"p":{"a":0,"k":[542,812,0],"ix":2},"r":{"a":0,"k":0,"ix":10},"sa":{"a":0,"k":0},"o":{"a":0,"k":100,"ix":11}},"ef":[],"shapes":[{"ty":"gr","bm":0,"hd":false,"mn":"ADBE Vector Group","nm":"Shape 1","ix":1,"cix":2,"np":3,"it":[{"ty":"sh","bm":0,"hd":false,"mn":"ADBE Vector Shape - Group","nm":"Path 1","ix":1,"d":1,"ks":{"a":0,"k":{"c":false,"i":[[0,0],[0,0]],"o":[[0,0],[0,0]],"v":[[-190,276],[126,276]]},"ix":2}},{"ty":"tm","bm":0,"hd":false,"mn":"ADBE Vector Filter - Trim","nm":"Trim Paths 1","ix":2,"e":{"a":1,"k":[{"o":{"x":0.333,"y":0},"i":{"x":0.241,"y":1},"s":[75],"t":10},{"o":{"x":0.333,"y":0},"i":{"x":0.383,"y":1},"s":[75],"t":16},{"s":[100],"t":25}],"ix":2},"o":{"a":0,"k":0,"ix":3},"s":{"a":1,"k":[{"o":{"x":0.333,"y":0},"i":{"x":0.241,"y":1},"s":[10],"t":10},{"o":{"x":0.333,"y":0},"i":{"x":0.383,"y":1},"s":[12],"t":16},{"s":[100],"t":25}],"ix":1},"m":1},{"ty":"st","bm":0,"hd":false,"mn":"ADBE Vector Graphic - Stroke","nm":"Stroke 1","lc":2,"lj":2,"ml":1,"o":{"a":0,"k":100,"ix":4},"w":{"a":0,"k":15,"ix":5},"c":{"a":0,"k":[0,0,0],"ix":3}},{"ty":"tr","a":{"a":0,"k":[0,0],"ix":1},"s":{"a":0,"k":[100,100],"ix":3},"sk":{"a":0,"k":0,"ix":4},"p":{"a":0,"k":[0,0],"ix":2},"r":{"a":0,"k":0,"ix":6},"sa":{"a":0,"k":0,"ix":5},"o":{"a":0,"k":100,"ix":7}}]}],"ind":3},{"ty":4,"nm":"Leg/panda1 Outlines","sr":1,"st":0,"op":300,"ip":0,"hd":false,"ddd":0,"bm":0,"hasMask":false,"ao":0,"ks":{"a":{"a":0,"k":[91,12,0],"ix":1},"s":{"a":0,"k":[100,100,100],"ix":6},"sk":{"a":0,"k":0},"p":{"s":true,"x":{"a":1,"k":[{"o":{"x":0.333,"y":0},"i":{"x":0.053,"y":1},"s":[525.091],"t":10},{"o":{"x":0.333,"y":0},"i":{"x":0.053,"y":1},"s":[502.884],"t":20},{"o":{"x":0.053,"y":0},"i":{"x":0.053,"y":1},"s":[549.772],"t":27},{"o":{"x":0.333,"y":0},"i":{"x":0.053,"y":1},"s":[525.091],"t":40},{"o":{"x":0.333,"y":0},"i":{"x":0.053,"y":1},"s":[502.884],"t":50},{"o":{"x":0.333,"y":0},"i":{"x":0.053,"y":1},"s":[549.772],"t":60},{"o":{"x":0.333,"y":0},"i":{"x":0.053,"y":1},"s":[525.091],"t":70},{"o":{"x":0.333,"y":0},"i":{"x":0.053,"y":1},"s":[502.884],"t":80},{"s":[549.772],"t":90}],"ix":3},"y":{"a":1,"k":[{"o":{"x":0.333,"y":0},"i":{"x":0.053,"y":1},"s":[621.233],"t":10},{"o":{"x":0.333,"y":0},"i":{"x":0.053,"y":1},"s":[637.384],"t":20},{"o":{"x":0.053,"y":0},"i":{"x":0.053,"y":1},"s":[633.994],"t":27},{"o":{"x":0.333,"y":0},"i":{"x":0.053,"y":1},"s":[621.233],"t":40},{"o":{"x":0.333,"y":0},"i":{"x":0.053,"y":1},"s":[637.384],"t":50},{"o":{"x":0.333,"y":0},"i":{"x":0.053,"y":1},"s":[633.994],"t":60},{"o":{"x":0.333,"y":0},"i":{"x":0.053,"y":1},"s":[621.233],"t":70},{"o":{"x":0.333,"y":0},"i":{"x":0.053,"y":1},"s":[637.384],"t":80},{"s":[633.994],"t":90}],"ix":4},"z":{"a":0,"k":0}},"r":{"a":1,"k":[{"o":{"x":0.333,"y":0},"i":{"x":0.053,"y":1},"s":[15],"t":10},{"o":{"x":0.333,"y":0},"i":{"x":0.053,"y":1},"s":[-30],"t":27},{"o":{"x":0.333,"y":0},"i":{"x":0.053,"y":1},"s":[15],"t":40},{"o":{"x":0.333,"y":0},"i":{"x":0.053,"y":1},"s":[0],"t":50},{"o":{"x":0.333,"y":0},"i":{"x":0.053,"y":1},"s":[-30],"t":60},{"o":{"x":0.333,"y":0},"i":{"x":0.053,"y":1},"s":[15],"t":70},{"o":{"x":0.333,"y":0},"i":{"x":0.053,"y":1},"s":[0],"t":80},{"s":[-30],"t":90}],"ix":10},"sa":{"a":0,"k":0},"o":{"a":0,"k":100,"ix":11}},"ef":[],"shapes":[{"ty":"gr","bm":0,"hd":false,"mn":"ADBE Vector Group","nm":"Group 1","ix":1,"cix":2,"np":2,"it":[{"ty":"sh","bm":0,"hd":false,"mn":"ADBE Vector Shape - Group","nm":"Path 1","ix":1,"d":1,"ks":{"a":0,"k":{"c":true,"i":[[41.782,4.048],[15.395,-10.335],[1.651,-17.054],[-6.738,-10.849],[0.828,-3.414],[3.199,-1.915],[-2.572,-15.417],[-19.339,-0.708],[-19.837,0.966],[-11.284,10.6],[-3.672,5.99],[1.418,8.499],[0.31,1.075],[-4.309,3.533],[-1.428,14.757]],"o":[[-20.061,-1.943],[-15.703,10.54],[-1.167,12.037],[1.839,2.962],[-0.867,3.575],[-19.75,11.816],[2.103,12.612],[21.187,0.775],[23.854,-1.161],[4.128,-3.877],[5.219,-8.513],[-0.183,-1.1],[-1.686,-5.823],[12.442,-10.204],[3.373,-34.817]],"v":[[17.545,-93.37],[-37.437,-80.357],[-64.347,-37.567],[-55.831,-2.583],[-54.264,7.304],[-60.571,15.817],[-88.005,59.307],[-55.514,89.26],[-4.865,90.547],[44.613,74.927],[56.109,59.384],[62.181,34.262],[61.437,30.985],[65.689,15.818],[87.204,-22.887]]},"ix":2}},{"ty":"fl","bm":0,"hd":false,"mn":"ADBE Vector Graphic - Fill","nm":"Fill 1","c":{"a":0,"k":[0,0,0],"ix":4},"r":1,"o":{"a":0,"k":100,"ix":5}},{"ty":"tr","a":{"a":0,"k":[0,0],"ix":1},"s":{"a":0,"k":[100,100],"ix":3},"sk":{"a":0,"k":0,"ix":4},"p":{"a":0,"k":[90.827,95.563],"ix":2},"r":{"a":0,"k":0,"ix":6},"sa":{"a":0,"k":0,"ix":5},"o":{"a":0,"k":100,"ix":7}}]}],"ind":4},{"ty":4,"nm":"Noddle Outlines","sr":1,"st":0,"op":300,"ip":0,"hd":false,"ddd":0,"bm":0,"hasMask":false,"ao":0,"ks":{"a":{"a":0,"k":[147.927,160.582,0],"ix":1},"s":{"a":0,"k":[100,100,100],"ix":6},"sk":{"a":0,"k":0},"p":{"a":0,"k":[172.549,95.275,0],"ix":2},"r":{"a":1,"k":[{"o":{"x":0.333,"y":0},"i":{"x":0.667,"y":1},"s":[0],"t":10},{"o":{"x":0.333,"y":0},"i":{"x":0.667,"y":1},"s":[11],"t":24},{"s":[0],"t":40}],"ix":10,"x":"var $bm_rt;\n$bm_rt = loopOut('Pingpong');"},"sa":{"a":0,"k":0},"o":{"a":0,"k":100,"ix":11}},"ef":[],"shapes":[{"ty":"gr","bm":0,"hd":false,"mn":"ADBE Vector Group","nm":"Group 1","ix":1,"cix":2,"np":5,"it":[{"ty":"sh","bm":0,"hd":false,"mn":"ADBE Vector Shape - Group","nm":"Path 1","ix":1,"d":1,"ks":{"a":0,"k":{"c":true,"i":[[0,0],[0,0],[-42.942,23.147],[0,0],[-1.723,-48.671]],"o":[[0,0],[1.728,-48.695],[0,0],[42.941,23.147],[0,0]],"v":[[-137.58,72.207],[-137.586,72.233],[-65.215,-44.044],[65.216,-44.044],[137.581,72.207]]},"ix":2}},{"ty":"sh","bm":0,"hd":false,"mn":"ADBE Vector Shape - Group","nm":"Path 2","ix":2,"d":1,"ks":{"a":0,"k":{"c":true,"i":[[-3.473,0],[0,0],[0,-3.473],[0,0],[0,0],[0,0]],"o":[[0,0],[3.474,0],[0,0],[0,0],[0,0],[0,-3.473]],"v":[[-55.198,-72.207],[55.198,-72.207],[61.497,-65.908],[61.497,-54.044],[-61.497,-54.044],[-61.497,-65.908]]},"ix":2}},{"ty":"sh","bm":0,"hd":false,"mn":"ADBE Vector Shape - Group","nm":"Path 3","ix":3,"d":1,"ks":{"a":0,"k":{"c":true,"i":[[45.184,25.05],[0,0],[8.988,0],[0,0],[0,-8.988],[0,0],[1.834,-51.656],[-1.897,-1.964],[-2.703,0],[0,0],[-1.878,1.946],[0.096,2.723]],"o":[[0,0],[0,-8.988],[0,0],[-8.987,0],[0,0],[-45.184,25.05],[-0.097,2.722],[1.877,1.946],[0,0],[2.703,0],[1.897,-1.964],[-1.835,-51.655]],"v":[[71.497,-52.023],[71.497,-65.908],[55.198,-82.207],[-55.198,-82.207],[-71.497,-65.908],[-71.497,-52.023],[-147.58,71.879],[-144.788,79.146],[-137.58,82.207],[137.581,82.207],[144.789,79.146],[147.581,71.878]]},"ix":2}},{"ty":"mm","bm":0,"hd":false,"mn":"ADBE Vector Filter - Merge","nm":"Merge Paths 1","mm":1},{"ty":"fl","bm":0,"hd":false,"mn":"ADBE Vector Graphic - Fill","nm":"Fill 1","c":{"a":0,"k":[0.149,0.0235,0.0235],"ix":4},"r":1,"o":{"a":0,"k":100,"ix":5}},{"ty":"tr","a":{"a":0,"k":[0,0],"ix":1},"s":{"a":0,"k":[100,100],"ix":3},"sk":{"a":0,"k":0,"ix":4},"p":{"a":0,"k":[147.927,82.457],"ix":2},"r":{"a":0,"k":0,"ix":6},"sa":{"a":0,"k":0,"ix":5},"o":{"a":0,"k":100,"ix":7}}]},{"ty":"gr","bm":0,"hd":false,"mn":"ADBE Vector Group","nm":"Group 2","ix":2,"cix":2,"np":3,"it":[{"ty":"sh","bm":0,"hd":false,"mn":"ADBE Vector Shape - Group","nm":"Path 1","ix":1,"d":1,"ks":{"a":0,"k":{"c":true,"i":[[1.743,-49.095],[0,0],[0,0],[43.546,22.983],[0,0],[0,0],[3.473,0],[0,0],[0,-3.473],[0,0],[0,0]],"o":[[0,0],[0,0],[-1.737,-49.07],[0,0],[0,0],[0,-3.473],[0,0],[-3.473,0],[0,0],[0,0],[-43.547,22.983]],"v":[[-137.584,72.22],[-137.578,72.195],[137.584,72.195],[64.166,-44.635],[61.5,-46.042],[61.5,-65.921],[55.202,-72.22],[-55.195,-72.22],[-61.494,-65.921],[-61.494,-46.042],[-64.16,-44.635]]},"ix":2}},{"ty":"st","bm":0,"hd":false,"mn":"ADBE Vector Graphic - Stroke","nm":"Stroke 1","lc":1,"lj":1,"ml":4,"o":{"a":0,"k":100,"ix":4},"w":{"a":0,"k":5,"ix":5},"c":{"a":0,"k":[1,1,1],"ix":3}},{"ty":"fl","bm":0,"hd":false,"mn":"ADBE Vector Graphic - Fill","nm":"Fill 1","c":{"a":0,"k":[0.8196,0.7451,0.7451],"ix":4},"r":1,"o":{"a":0,"k":100,"ix":5}},{"ty":"tr","a":{"a":0,"k":[0,0],"ix":1},"s":{"a":0,"k":[100,100],"ix":3},"sk":{"a":0,"k":0,"ix":4},"p":{"a":0,"k":[147.925,82.47],"ix":2},"r":{"a":0,"k":0,"ix":6},"sa":{"a":0,"k":0,"ix":5},"o":{"a":0,"k":100,"ix":7}}]},{"ty":"gr","bm":0,"hd":false,"mn":"ADBE Vector Group","nm":"mimi4","ix":3,"cix":2,"np":2,"it":[{"ty":"gr","bm":0,"hd":false,"mn":"ADBE Vector Group","nm":"Group 3","ix":1,"cix":2,"np":3,"it":[{"ty":"sh","bm":0,"hd":false,"mn":"ADBE Vector Shape - Group","nm":"Path 1","ix":1,"d":1,"ks":{"a":0,"k":{"c":true,"i":[[12.607,0],[0,-12.608],[-12.607,0],[0,12.607]],"o":[[-12.607,0],[0,12.607],[12.607,0],[0,-12.608]],"v":[[0,-22.865],[-22.864,0.001],[0,22.865],[22.864,0.001]]},"ix":2}},{"ty":"sh","bm":0,"hd":false,"mn":"ADBE Vector Shape - Group","nm":"Path 2","ix":2,"d":1,"ks":{"a":0,"k":{"c":true,"i":[[18.121,0],[0,18.121],[-18.122,0],[0,-18.122]],"o":[[-18.122,0],[0,-18.122],[18.121,0],[0,18.121]],"v":[[0,32.865],[-32.864,0.001],[0,-32.865],[32.864,0.001]]},"ix":2}},{"ty":"fl","bm":0,"hd":false,"mn":"ADBE Vector Graphic - Fill","nm":"Fill 1","c":{"a":0,"k":[1,0.8,0.4],"ix":4},"r":1,"o":{"a":0,"k":100,"ix":5}},{"ty":"tr","a":{"a":0,"k":[0,0],"ix":1},"s":{"a":0,"k":[100,100],"ix":3},"sk":{"a":0,"k":0,"ix":4},"p":{"a":0,"k":[131.535,164.018],"ix":2},"r":{"a":0,"k":0,"ix":6},"sa":{"a":0,"k":0,"ix":5},"o":{"a":0,"k":100,"ix":7}}]},{"ty":"tr","a":{"a":0,"k":[131.535,164.018],"ix":1},"s":{"a":0,"k":[100,100],"ix":3},"sk":{"a":0,"k":0,"ix":4},"p":{"a":1,"k":[{"o":{"x":0.333,"y":0},"i":{"x":0.667,"y":1},"s":[131.535,175.799],"t":20,"ti":[0,0],"to":[0,-5.167]},{"o":{"x":0.333,"y":0},"i":{"x":0.667,"y":1},"s":[131.535,144.799],"t":30,"ti":[0,-5.167],"to":[0,0]},{"s":[131.535,175.799],"t":40}],"ix":2},"r":{"a":0,"k":0,"ix":6},"sa":{"a":0,"k":0,"ix":5},"o":{"a":0,"k":100,"ix":7}}]},{"ty":"gr","bm":0,"hd":false,"mn":"ADBE Vector Group","nm":"mimi3","ix":4,"cix":2,"np":2,"it":[{"ty":"gr","bm":0,"hd":false,"mn":"ADBE Vector Group","nm":"Group 5","ix":1,"cix":2,"np":4,"it":[{"ty":"sh","bm":0,"hd":false,"mn":"ADBE Vector Shape - Group","nm":"Path 1","ix":1,"d":1,"ks":{"a":0,"k":{"c":true,"i":[[27.031,0],[0,-27.031],[-27.031,0],[0,27.031]],"o":[[-27.031,0],[0,27.031],[27.031,0],[0,-27.031]],"v":[[0,-49.022],[-49.022,0],[0,49.022],[49.022,0]]},"ix":2}},{"ty":"sh","bm":0,"hd":false,"mn":"ADBE Vector Shape - Group","nm":"Path 2","ix":2,"d":1,"ks":{"a":0,"k":{"c":true,"i":[[32.544,0],[0,32.545],[-32.545,0],[0,-32.544]],"o":[[-32.545,0],[0,-32.544],[32.544,0],[0,32.545]],"v":[[0,59.022],[-59.022,0],[0,-59.022],[59.022,0]]},"ix":2}},{"ty":"mm","bm":0,"hd":false,"mn":"ADBE Vector Filter - Merge","nm":"Merge Paths 1","mm":1},{"ty":"fl","bm":0,"hd":false,"mn":"ADBE Vector Graphic - Fill","nm":"Fill 1","c":{"a":0,"k":[1,0.8,0.4],"ix":4},"r":1,"o":{"a":0,"k":100,"ix":5}},{"ty":"tr","a":{"a":0,"k":[0,0],"ix":1},"s":{"a":0,"k":[100,100],"ix":3},"sk":{"a":0,"k":0,"ix":4},"p":{"a":0,"k":[131.535,164.017],"ix":2},"r":{"a":0,"k":0,"ix":6},"sa":{"a":0,"k":0,"ix":5},"o":{"a":0,"k":100,"ix":7}}]},{"ty":"tr","a":{"a":0,"k":[131.535,164.017],"ix":1},"s":{"a":0,"k":[100,100],"ix":3},"sk":{"a":0,"k":0,"ix":4},"p":{"a":1,"k":[{"o":{"x":0.739,"y":0},"i":{"x":0.667,"y":1},"s":[131.535,164.017],"t":10,"ti":[0,5.167],"to":[0,1.833]},{"o":{"x":0.739,"y":0},"i":{"x":0.667,"y":1},"s":[131.535,175.017],"t":20,"ti":[0,1.833],"to":[0,-5.167]},{"o":{"x":0.739,"y":0},"i":{"x":0.667,"y":1},"s":[131.535,133.017],"t":30,"ti":[0,-5.167],"to":[0,-1.833]},{"s":[131.535,164.017],"t":40}],"ix":2},"r":{"a":0,"k":0,"ix":6},"sa":{"a":0,"k":0,"ix":5},"o":{"a":0,"k":100,"ix":7}}]},{"ty":"gr","bm":0,"hd":false,"mn":"ADBE Vector Group","nm":"mi","ix":5,"cix":2,"np":2,"it":[{"ty":"sh","bm":0,"hd":false,"mn":"ADBE Vector Shape - Group","nm":"Path 1","ix":1,"d":1,"ks":{"a":0,"k":{"c":true,"i":[[2.761,0],[0,2.761],[0,0],[-2.761,0],[0,-2.761],[0,0]],"o":[[-2.761,0],[0,0],[0,-2.761],[2.761,0],[0,0],[0,2.761]],"v":[[8,56.277],[3,51.277],[2.813,-72.973],[7.813,-77.973],[12.813,-72.973],[13,51.277]]},"ix":2}},{"ty":"fl","bm":0,"hd":false,"mn":"ADBE Vector Graphic - Fill","nm":"Fill 1","c":{"a":0,"k":[1,0.8,0.4],"ix":4},"r":1,"o":{"a":0,"k":100,"ix":5}},{"ty":"tr","a":{"a":0,"k":[0,0],"ix":1},"s":{"a":0,"k":[100,100],"ix":3},"sk":{"a":0,"k":0,"ix":4},"p":{"a":1,"k":[{"o":{"x":0.345,"y":1},"i":{"x":0.525,"y":1},"s":[112.934,225.773],"t":10,"ti":[0,3.332],"to":[0,6.341]},{"o":{"x":0.739,"y":0},"i":{"x":0.667,"y":1},"s":[109.974,217.698],"t":20,"ti":[-0.493,-1.346],"to":[0,-5.167]},{"o":{"x":0.739,"y":0},"i":{"x":0.809,"y":0.879},"s":[109.974,168.698],"t":30,"ti":[0,-3.492],"to":[0.493,1.346]},{"s":[112.934,225.773],"t":40}],"ix":2},"r":{"a":0,"k":0,"ix":6},"sa":{"a":0,"k":0,"ix":5},"o":{"a":0,"k":100,"ix":7}}]},{"ty":"gr","bm":0,"hd":false,"mn":"ADBE Vector Group","nm":"mi2","ix":6,"cix":2,"np":2,"it":[{"ty":"sh","bm":0,"hd":false,"mn":"ADBE Vector Shape - Group","nm":"Path 1","ix":1,"d":1,"ks":{"a":0,"k":{"c":true,"i":[[2.762,0],[0,2.761],[0,0],[-2.762,0],[0,-2.761],[0,0]],"o":[[-2.762,0],[0,0],[0,-2.761],[2.762,0],[0,0],[0,2.761]],"v":[[0,56.375],[-5,51.375],[-5,-51.375],[0,-56.375],[5,-51.375],[5,51.375]]},"ix":2}},{"ty":"fl","bm":0,"hd":false,"mn":"ADBE Vector Graphic - Fill","nm":"Fill 1","c":{"a":0,"k":[1,0.8,0.4],"ix":4},"r":1,"o":{"a":0,"k":100,"ix":5}},{"ty":"tr","a":{"a":0,"k":[0,0],"ix":1},"s":{"a":0,"k":[100,100],"ix":3},"sk":{"a":0,"k":0,"ix":4},"p":{"a":1,"k":[{"o":{"x":0.739,"y":0},"i":{"x":0.667,"y":1},"s":[212.481,177.03],"t":10,"ti":[0,5.167],"to":[0,1.5]},{"o":{"x":0.739,"y":0},"i":{"x":0.667,"y":1},"s":[212.481,186.03],"t":20,"ti":[0,1.5],"to":[0,-5.167]},{"o":{"x":0.739,"y":0},"i":{"x":0.667,"y":1},"s":[212.481,146.03],"t":30,"ti":[0,-5.167],"to":[0,-1.5]},{"s":[212.481,177.03],"t":37}],"ix":2},"r":{"a":0,"k":0,"ix":6},"sa":{"a":0,"k":0,"ix":5},"o":{"a":0,"k":100,"ix":7}}]},{"ty":"gr","bm":0,"hd":false,"mn":"ADBE Vector Group","nm":"mi3","ix":7,"cix":2,"np":2,"it":[{"ty":"sh","bm":0,"hd":false,"mn":"ADBE Vector Shape - Group","nm":"Path 1","ix":1,"d":1,"ks":{"a":0,"k":{"c":true,"i":[[2.762,0],[0,2.761],[0,0],[-2.762,0],[0,-2.761],[0,0]],"o":[[-2.762,0],[0,0],[0,-2.761],[2.762,0],[0,0],[0,2.761]],"v":[[0,56.375],[-5,51.375],[-5,-51.375],[0,-56.375],[5,-51.375],[5,51.375]]},"ix":2}},{"ty":"fl","bm":0,"hd":false,"mn":"ADBE Vector Graphic - Fill","nm":"Fill 1","c":{"a":0,"k":[1,0.8,0.4],"ix":4},"r":1,"o":{"a":0,"k":100,"ix":5}},{"ty":"tr","a":{"a":0,"k":[0,0],"ix":1},"s":{"a":0,"k":[100,100],"ix":3},"sk":{"a":0,"k":0,"ix":4},"p":{"a":1,"k":[{"o":{"x":0.38,"y":0.442},"i":{"x":0.525,"y":1},"s":[184.911,206.915],"t":10,"ti":[0,3.193],"to":[0,1.889]},{"o":{"x":0.739,"y":0},"i":{"x":0.667,"y":1},"s":[190.078,198.976],"t":20,"ti":[0.861,-1.323],"to":[0,-5.167]},{"o":{"x":0.739,"y":0},"i":{"x":0.809,"y":0.956},"s":[190.078,164.976],"t":30,"ti":[0,-1.168],"to":[-0.861,1.323]},{"s":[184.911,206.915],"t":38}],"ix":2},"r":{"a":0,"k":0,"ix":6},"sa":{"a":0,"k":0,"ix":5},"o":{"a":0,"k":100,"ix":7}}]},{"ty":"gr","bm":0,"hd":false,"mn":"ADBE Vector Group","nm":"mimi2","ix":8,"cix":2,"np":2,"it":[{"ty":"gr","bm":0,"hd":false,"mn":"ADBE Vector Group","nm":"Group 10","ix":1,"cix":2,"np":3,"it":[{"ty":"sh","bm":0,"hd":false,"mn":"ADBE Vector Shape - Group","nm":"Path 1","ix":1,"d":1,"ks":{"a":0,"k":{"c":true,"i":[[19.634,0],[0,-19.634],[-19.634,0],[0,19.633]],"o":[[-19.634,0],[0,19.633],[19.634,0],[0,-19.634]],"v":[[0,-35.607],[-35.606,0.001],[0,35.607],[35.606,0.001]]},"ix":2}},{"ty":"sh","bm":0,"hd":false,"mn":"ADBE Vector Shape - Group","nm":"Path 2","ix":2,"d":1,"ks":{"a":0,"k":{"c":true,"i":[[25.147,0],[0,25.147],[-25.147,0],[0,-25.148]],"o":[[-25.147,0],[0,-25.148],[25.147,0],[0,25.147]],"v":[[0,45.607],[-45.606,0.001],[0,-45.607],[45.606,0.001]]},"ix":2}},{"ty":"fl","bm":0,"hd":false,"mn":"ADBE Vector Graphic - Fill","nm":"Fill 1","c":{"a":0,"k":[1,0.8,0.4],"ix":4},"r":1,"o":{"a":0,"k":100,"ix":5}},{"ty":"tr","a":{"a":0,"k":[0,0],"ix":1},"s":{"a":0,"k":[100,100],"ix":3},"sk":{"a":0,"k":0,"ix":4},"p":{"a":0,"k":[226.163,150.602],"ix":2},"r":{"a":0,"k":0,"ix":6},"sa":{"a":0,"k":0,"ix":5},"o":{"a":0,"k":100,"ix":7}}]},{"ty":"tr","a":{"a":0,"k":[226.163,150.602],"ix":1},"s":{"a":0,"k":[100,100],"ix":3},"sk":{"a":0,"k":0,"ix":4},"p":{"a":1,"k":[{"o":{"x":0.739,"y":0},"i":{"x":0.667,"y":1},"s":[226.163,150.602],"t":10,"ti":[0,5.167],"to":[0,1.5]},{"o":{"x":0.739,"y":0},"i":{"x":0.667,"y":1},"s":[226.163,159.602],"t":20,"ti":[0,1.5],"to":[0,-5.167]},{"o":{"x":0.739,"y":0},"i":{"x":0.667,"y":1},"s":[226.163,119.602],"t":30,"ti":[0,-5.167],"to":[0,-1.5]},{"s":[226.163,150.602],"t":40}],"ix":2},"r":{"a":0,"k":0,"ix":6},"sa":{"a":0,"k":0,"ix":5},"o":{"a":0,"k":100,"ix":7}}]},{"ty":"gr","bm":0,"hd":false,"mn":"ADBE Vector Group","nm":"mimi","ix":9,"cix":2,"np":2,"it":[{"ty":"gr","bm":0,"hd":false,"mn":"ADBE Vector Group","nm":"Group 12","ix":1,"cix":2,"np":3,"it":[{"ty":"sh","bm":0,"hd":false,"mn":"ADBE Vector Shape - Group","nm":"Path 1","ix":1,"d":1,"ks":{"a":0,"k":{"c":true,"i":[[29.369,0],[0,-29.369],[-29.369,0],[0,29.368]],"o":[[-29.369,0],[0,29.368],[29.369,0],[0,-29.369]],"v":[[0,-53.263],[-53.263,0],[0,53.263],[53.263,0]]},"ix":2}},{"ty":"sh","bm":0,"hd":false,"mn":"ADBE Vector Shape - Group","nm":"Path 2","ix":2,"d":1,"ks":{"a":0,"k":{"c":true,"i":[[34.883,0],[0,34.883],[-34.883,0],[0,-34.884]],"o":[[-34.883,0],[0,-34.884],[34.883,0],[0,34.883]],"v":[[0,63.263],[-63.263,0],[0,-63.263],[63.263,0]]},"ix":2}},{"ty":"fl","bm":0,"hd":false,"mn":"ADBE Vector Graphic - Fill","nm":"Fill 1","c":{"a":0,"k":[1,0.8,0.4],"ix":4},"r":1,"o":{"a":0,"k":100,"ix":5}},{"ty":"tr","a":{"a":0,"k":[0,0],"ix":1},"s":{"a":0,"k":[100,100],"ix":3},"sk":{"a":0,"k":0,"ix":4},"p":{"a":0,"k":[220.13,174.653],"ix":2},"r":{"a":0,"k":0,"ix":6},"sa":{"a":0,"k":0,"ix":5},"o":{"a":0,"k":100,"ix":7}}]},{"ty":"tr","a":{"a":0,"k":[220.13,174.653],"ix":1},"s":{"a":0,"k":[100,100],"ix":3},"sk":{"a":0,"k":0,"ix":4},"p":{"a":0,"k":[220.13,174.653],"ix":2},"r":{"a":0,"k":0,"ix":6},"sa":{"a":0,"k":0,"ix":5},"o":{"a":0,"k":100,"ix":7}}]},{"ty":"gr","bm":0,"hd":false,"mn":"ADBE Vector Group","nm":"mi5","ix":10,"cix":2,"np":2,"it":[{"ty":"sh","bm":0,"hd":false,"mn":"ADBE Vector Shape - Group","nm":"Path 1","ix":1,"d":1,"ks":{"a":0,"k":{"c":true,"i":[[2.762,0],[0,2.762],[0,0],[-2.762,0],[0,-2.761],[0,0]],"o":[[-2.762,0],[0,0],[0,-2.761],[2.762,0],[0,0],[0,2.762]],"v":[[4.875,68.728],[-0.125,63.728],[-0.125,-60.978],[4.875,-65.978],[9.875,-60.978],[9.875,63.728]]},"ix":2}},{"ty":"fl","bm":0,"hd":false,"mn":"ADBE Vector Graphic - Fill","nm":"Fill 1","c":{"a":0,"k":[1,0.8,0.4],"ix":4},"r":1,"o":{"a":0,"k":100,"ix":5}},{"ty":"tr","a":{"a":0,"k":[0,0],"ix":1},"s":{"a":0,"k":[100,100],"ix":3},"sk":{"a":0,"k":0,"ix":4},"p":{"a":1,"k":[{"o":{"x":0.38,"y":0.857},"i":{"x":0.525,"y":1},"s":[270.557,254.717],"t":10,"ti":[0,3.322],"to":[0,3.424]},{"o":{"x":0.739,"y":0},"i":{"x":0.667,"y":1},"s":[270.684,261.562],"t":20,"ti":[0.021,1.141],"to":[0,-5.167]},{"o":{"x":0.739,"y":0},"i":{"x":0.809,"y":0.931},"s":[270.684,222.562],"t":30,"ti":[0,-1.901],"to":[-0.021,-1.141]},{"s":[270.557,254.717],"t":36}],"ix":2},"r":{"a":0,"k":0,"ix":6},"sa":{"a":0,"k":0,"ix":5},"o":{"a":0,"k":100,"ix":7}}]},{"ty":"gr","bm":0,"hd":false,"mn":"ADBE Vector Group","nm":"mi6","ix":11,"cix":2,"np":2,"it":[{"ty":"sh","bm":0,"hd":false,"mn":"ADBE Vector Shape - Group","nm":"Path 1","ix":1,"d":1,"ks":{"a":0,"k":{"c":true,"i":[[2.762,0],[0,2.762],[0,0],[-2.762,0],[0,-2.761],[0,0]],"o":[[-2.762,0],[0,0],[0,-2.761],[2.762,0],[0,0],[0,2.762]],"v":[[0,56.375],[-5,51.375],[-5.187,-84.375],[-0.187,-89.375],[4.813,-84.375],[5,51.375]]},"ix":2}},{"ty":"fl","bm":0,"hd":false,"mn":"ADBE Vector Graphic - Fill","nm":"Fill 1","c":{"a":0,"k":[1,0.8,0.4],"ix":4},"r":1,"o":{"a":0,"k":100,"ix":5}},{"ty":"tr","a":{"a":0,"k":[0,0],"ix":1},"s":{"a":0,"k":[100,100],"ix":3},"sk":{"a":0,"k":0,"ix":4},"p":{"a":1,"k":[{"o":{"x":0.739,"y":0},"i":{"x":0.667,"y":1},"s":[250.182,218.04],"t":10,"ti":[0,5.167],"to":[0,7.333]},{"o":{"x":0.739,"y":0},"i":{"x":0.667,"y":1},"s":[250.182,262.04],"t":20,"ti":[0,7.333],"to":[0,-5.167]},{"o":{"x":0.739,"y":0},"i":{"x":0.667,"y":1},"s":[250.182,187.04],"t":30,"ti":[0,-5.167],"to":[0,-7.333]},{"s":[250.182,218.04],"t":37}],"ix":2},"r":{"a":0,"k":0,"ix":6},"sa":{"a":0,"k":0,"ix":5},"o":{"a":0,"k":100,"ix":7}}]}],"ind":5,"parent":8},{"ty":4,"nm":"Hand Outlines","sr":1,"st":0,"op":300,"ip":0,"hd":false,"ddd":0,"bm":0,"hasMask":false,"ao":0,"ks":{"a":{"a":0,"k":[269.12,5.537,0],"ix":1},"s":{"a":0,"k":[100,100,100],"ix":6},"sk":{"a":0,"k":0},"p":{"a":0,"k":[234.317,5.791,0],"ix":2},"r":{"a":1,"k":[{"o":{"x":0.333,"y":0},"i":{"x":0.667,"y":1},"s":[0],"t":10},{"o":{"x":0.333,"y":0},"i":{"x":0.667,"y":1},"s":[-7],"t":20},{"s":[0],"t":40}],"ix":10},"sa":{"a":0,"k":0},"o":{"a":0,"k":100,"ix":11}},"ef":[],"shapes":[{"ty":"gr","bm":0,"hd":false,"mn":"ADBE Vector Group","nm":"Group 1","ix":1,"cix":2,"np":2,"it":[{"ty":"sh","bm":0,"hd":false,"mn":"ADBE Vector Shape - Group","nm":"Path 1","ix":1,"d":1,"ks":{"a":0,"k":{"c":true,"i":[[63.5,11.493],[21.539,13.338],[8.282,19.88],[-4.965,8.072],[0,0],[-8.048,-1.703],[-8.739,-4.798],[-45.923,8.013],[0,0],[-6.495,-54.671],[8.641,-8.057]],"o":[[-28.354,-5.132],[-13.979,-8.656],[-4.11,-9.868],[0,0],[4.339,-7.055],[6.282,1.328],[22.056,12.11],[0,0],[58.479,-10.203],[1.55,13.045],[-22.167,20.667]],"v":[[-6.803,51.794],[-84.553,21.294],[-130.76,-26.096],[-129.453,-53.517],[-129.453,-53.516],[-110.786,-61.584],[-88.861,-51.668],[9.327,-30.983],[11.123,-31.297],[129.883,5.557],[116.614,41.627]]},"ix":2}},{"ty":"fl","bm":0,"hd":false,"mn":"ADBE Vector Graphic - Fill","nm":"Fill 1","c":{"a":0,"k":[0,0,0],"ix":4},"r":1,"o":{"a":0,"k":100,"ix":5}},{"ty":"tr","a":{"a":0,"k":[0,0],"ix":1},"s":{"a":0,"k":[100,100],"ix":3},"sk":{"a":0,"k":0,"ix":4},"p":{"a":0,"k":[135.12,63.537],"ix":2},"r":{"a":0,"k":0,"ix":6},"sa":{"a":0,"k":0,"ix":5},"o":{"a":0,"k":100,"ix":7}}]}],"ind":6,"parent":9},{"ty":4,"nm":"Eye Outlines","sr":1,"st":0,"op":300,"ip":0,"hd":false,"ddd":0,"bm":0,"hasMask":false,"ao":0,"ks":{"a":{"a":0,"k":[51.817,63.461,0],"ix":1},"s":{"a":0,"k":[100,100,100],"ix":6},"sk":{"a":0,"k":0},"p":{"a":0,"k":[97.135,100.243,0],"ix":2},"r":{"a":0,"k":0,"ix":10},"sa":{"a":0,"k":0},"o":{"a":0,"k":100,"ix":11}},"ef":[],"shapes":[{"ty":"gr","bm":0,"hd":false,"mn":"ADBE Vector Group","nm":"Group 1","ix":1,"cix":2,"np":2,"it":[{"ty":"sh","bm":0,"hd":false,"mn":"ADBE Vector Shape - Group","nm":"Path 2","ix":1,"d":1,"ks":{"a":0,"k":{"c":true,"i":[[37.001,-25.838],[-18.049,-20.805],[-12.891,22.285]],"o":[[-15.47,10.803],[18.049,20.806],[12.892,-22.285]],"v":[[-19.768,-37.373],[-33.519,30.644],[38.675,40.926]]},"ix":2}},{"ty":"fl","bm":0,"hd":false,"mn":"ADBE Vector Graphic - Fill","nm":"Fill 1","c":{"a":0,"k":[0,0,0],"ix":4},"r":1,"o":{"a":0,"k":100,"ix":5}},{"ty":"tr","a":{"a":0,"k":[0,0],"ix":1},"s":{"a":0,"k":[100,100],"ix":3},"sk":{"a":0,"k":0,"ix":4},"p":{"a":0,"k":[51.817,63.461],"ix":2},"r":{"a":0,"k":0,"ix":6},"sa":{"a":0,"k":0,"ix":5},"o":{"a":0,"k":100,"ix":7}}]}],"ind":7,"parent":8},{"ty":4,"nm":"Head Outlines","sr":1,"st":0,"op":300,"ip":0,"hd":false,"ddd":0,"bm":0,"hasMask":false,"ao":0,"ks":{"a":{"a":0,"k":[141.596,122.56,0],"ix":1},"s":{"a":0,"k":[100,100,100],"ix":6},"sk":{"a":0,"k":0},"p":{"a":0,"k":[112.538,-52.962,0],"ix":2},"r":{"a":1,"k":[{"o":{"x":0.603,"y":0},"i":{"x":0.667,"y":1},"s":[0],"t":10},{"o":{"x":0.603,"y":0},"i":{"x":0.667,"y":1},"s":[5],"t":24},{"s":[0],"t":40}],"ix":10,"x":"var $bm_rt;\n$bm_rt = loopOut('pingpong');"},"sa":{"a":0,"k":0},"o":{"a":0,"k":100,"ix":11}},"ef":[],"shapes":[{"ty":"gr","bm":0,"hd":false,"mn":"ADBE Vector Group","nm":"Group 1","ix":1,"cix":2,"np":2,"it":[{"ty":"sh","bm":0,"hd":false,"mn":"ADBE Vector Shape - Group","nm":"Path 1","ix":1,"d":1,"ks":{"a":0,"k":{"c":true,"i":[[-9.747,7.311],[4.91,-10.398],[1.488,4.877]],"o":[[0,0],[-4.909,10.398],[-2.069,-6.78]],"v":[[-4.254,-14.632],[8.899,2.246],[-11.925,9.54]]},"ix":2}},{"ty":"fl","bm":0,"hd":false,"mn":"ADBE Vector Graphic - Fill","nm":"Fill 1","c":{"a":0,"k":[0,0,0],"ix":4},"r":1,"o":{"a":0,"k":100,"ix":5}},{"ty":"tr","a":{"a":0,"k":[0,0],"ix":1},"s":{"a":0,"k":[120.58,120.58],"ix":3},"sk":{"a":0,"k":0,"ix":4},"p":{"a":0,"k":[17.983,125.13],"ix":2},"r":{"a":0,"k":0,"ix":6},"sa":{"a":0,"k":0,"ix":5},"o":{"a":0,"k":100,"ix":7}}]},{"ty":"gr","bm":0,"hd":false,"mn":"ADBE Vector Group","nm":"Group 2","ix":2,"cix":2,"np":4,"it":[{"ty":"sh","bm":0,"hd":false,"mn":"ADBE Vector Shape - Group","nm":"Path 1","ix":1,"d":1,"ks":{"a":0,"k":{"c":true,"i":[[19.914,24.259],[-1.582,7.108],[-5.077,2.843],[-5.21,24.537],[-42.082,0],[0,-61.917],[68.237,-1.566]],"o":[[-20.751,-25.28],[1.671,-7.502],[9.807,-5.491],[10.432,-49.132],[67.036,0],[0,61.4],[-56.38,1.29]],"v":[[-102.199,60.659],[-128.957,2.886],[-119.145,-9.175],[-95.586,-45.745],[9.771,-112.31],[131.346,-0.021],[9.656,112.268]]},"ix":2}},{"ty":"sh","bm":0,"hd":false,"mn":"ADBE Vector Shape - Group","nm":"Path 2","ix":2,"d":1,"ks":{"a":0,"k":{"c":true,"i":[[72.551,0],[7.296,-34.362],[6.869,-3.846],[2.643,-11.869],[-21.16,-25.777],[-18.089,-9.39],[-24.535,0],[-1.281,0.03],[-24.602,22.58],[0,32.566]],"o":[[-73.311,0],[-4.692,22.1],[-5.645,3.161],[-2.629,11.811],[13.562,16.521],[20.796,10.794],[1.273,0],[35.215,-0.808],[24.956,-22.904],[0,-67.43]],"v":[[9.771,-122.31],[-105.368,-47.822],[-124.031,-17.9],[-138.717,0.713],[-109.928,67.004],[-62.23,106.053],[6.055,122.31],[9.886,122.266],[102.647,85.997],[141.346,-0.021]]},"ix":2}},{"ty":"mm","bm":0,"hd":false,"mn":"ADBE Vector Filter - Merge","nm":"Merge Paths 1","mm":1},{"ty":"fl","bm":0,"hd":false,"mn":"ADBE Vector Graphic - Fill","nm":"Fill 1","c":{"a":0,"k":[1,1,1],"ix":4},"r":1,"o":{"a":0,"k":100,"ix":5}},{"ty":"tr","a":{"a":0,"k":[0,0],"ix":1},"s":{"a":0,"k":[100,100],"ix":3},"sk":{"a":0,"k":0,"ix":4},"p":{"a":0,"k":[141.596,122.56],"ix":2},"r":{"a":0,"k":0,"ix":6},"sa":{"a":0,"k":0,"ix":5},"o":{"a":0,"k":100,"ix":7}}]},{"ty":"gr","bm":0,"hd":false,"mn":"ADBE Vector Group","nm":"Group 3","ix":3,"cix":2,"np":3,"it":[{"ty":"sh","bm":0,"hd":false,"mn":"ADBE Vector Shape - Group","nm":"Path 1","ix":1,"d":1,"ks":{"a":0,"k":{"c":true,"i":[[0,61.4],[67.036,0],[10.432,-49.132],[9.807,-5.491],[1.67,-7.502],[-20.752,-25.28],[-56.38,1.29]],"o":[[0,-61.917],[-42.082,0],[-5.21,24.537],[-5.077,2.843],[-1.583,7.108],[19.913,24.259],[68.237,-1.567]],"v":[[130.943,-0.646],[9.368,-112.935],[-95.989,-46.37],[-119.548,-9.799],[-129.36,2.262],[-102.603,60.035],[9.253,111.645]]},"ix":2}},{"ty":"st","bm":0,"hd":false,"mn":"ADBE Vector Graphic - Stroke","nm":"Stroke 1","lc":1,"lj":1,"ml":4,"o":{"a":0,"k":100,"ix":4},"w":{"a":0,"k":5,"ix":5},"c":{"a":0,"k":[1,1,1],"ix":3}},{"ty":"fl","bm":0,"hd":false,"mn":"ADBE Vector Graphic - Fill","nm":"Fill 1","c":{"a":0,"k":[1,1,1],"ix":4},"r":1,"o":{"a":0,"k":100,"ix":5}},{"ty":"tr","a":{"a":0,"k":[0,0],"ix":1},"s":{"a":0,"k":[100,100],"ix":3},"sk":{"a":0,"k":0,"ix":4},"p":{"a":0,"k":[142,123.184],"ix":2},"r":{"a":0,"k":0,"ix":6},"sa":{"a":0,"k":0,"ix":5},"o":{"a":0,"k":100,"ix":7}}]}],"ind":8,"parent":9},{"ty":4,"nm":"Body Outlines","sr":1,"st":0,"op":300,"ip":0,"hd":false,"ddd":0,"bm":0,"hasMask":false,"ao":0,"ks":{"a":{"a":0,"k":[128.861,123.411,0],"ix":1},"s":{"a":0,"k":[100,100,100],"ix":6},"sk":{"a":0,"k":0},"p":{"a":1,"k":[{"o":{"x":0.333,"y":0},"i":{"x":0.667,"y":1},"s":[537.111,624.519,0],"t":10,"ti":[0,9.006,0],"to":[0,-5.851,0]},{"o":{"x":0.333,"y":0},"i":{"x":0.667,"y":1},"s":[537.111,597.01,0],"t":16,"ti":[0,6.5,0],"to":[0,-0.999,0]},{"s":[537.111,624.519,0],"t":25}],"ix":2,"x":"var $bm_rt;\n$bm_rt = loopOut('cycle');"},"r":{"a":1,"k":[{"o":{"x":0.333,"y":0},"i":{"x":0.667,"y":1},"s":[0],"t":10},{"o":{"x":0.333,"y":0},"i":{"x":0.667,"y":1},"s":[-3],"t":20},{"o":{"x":0.333,"y":0},"i":{"x":0.667,"y":1},"s":[0],"t":30},{"o":{"x":0.333,"y":0},"i":{"x":0.667,"y":1},"s":[-3],"t":40},{"o":{"x":0.333,"y":0},"i":{"x":0.667,"y":1},"s":[0],"t":50},{"o":{"x":0.333,"y":0},"i":{"x":0.667,"y":1},"s":[-3],"t":60},{"o":{"x":0.333,"y":0},"i":{"x":0.667,"y":1},"s":[0],"t":70},{"o":{"x":0.333,"y":0},"i":{"x":0.667,"y":1},"s":[-3],"t":80},{"s":[0],"t":90}],"ix":10},"sa":{"a":0,"k":0},"o":{"a":0,"k":100,"ix":11}},"ef":[],"shapes":[{"ty":"gr","bm":0,"hd":false,"mn":"ADBE Vector Group","nm":"Group 1","ix":1,"cix":2,"np":4,"it":[{"ty":"sh","bm":0,"hd":false,"mn":"ADBE Vector Shape - Group","nm":"Path 1","ix":1,"d":1,"ks":{"a":0,"k":{"c":true,"i":[[25.784,12.53],[10.033,27.92],[-55.755,20.036],[-11.828,0],[-15.151,-7.529],[-10.151,-28.248],[0,0],[12.8,-25.584],[29.881,-9.177]],"o":[[-26.184,-12.724],[-20.929,-58.238],[11.401,-4.098],[16.153,0],[26.313,13.078],[0,0],[12.444,34.627],[-11.513,23.012],[-27.823,8.542]],"v":[[-40.244,101.853],[-96.407,38.827],[-33.247,-103.126],[1.798,-109.26],[49.275,-97.932],[105.822,-33.848],[105.822,-33.846],[105.269,59.525],[42.886,108.035]]},"ix":2}},{"ty":"sh","bm":0,"hd":false,"mn":"ADBE Vector Shape - Group","nm":"Path 2","ix":2,"d":1,"ks":{"a":0,"k":{"c":true,"i":[[13.377,37.226],[28.635,14.231],[29.558,-10.623],[-22.793,-63.426],[-28.546,-13.872],[-18.462,0.001],[-12.116,3.721],[-12.784,25.551]],"o":[[-11.028,-30.688],[-28.706,-14.268],[-60.945,21.902],[10.921,30.39],[16.827,8.177],[12.335,0],[32.597,-10.01],[14.036,-28.053]],"v":[[115.233,-37.229],[53.725,-106.888],[-36.628,-112.539],[-105.817,42.21],[-44.615,110.849],[8.952,123.16],[45.821,117.592],[114.212,64]]},"ix":2}},{"ty":"mm","bm":0,"hd":false,"mn":"ADBE Vector Filter - Merge","nm":"Merge Paths 1","mm":1},{"ty":"fl","bm":0,"hd":false,"mn":"ADBE Vector Graphic - Fill","nm":"Fill 1","c":{"a":0,"k":[1,1,1],"ix":4},"r":1,"o":{"a":0,"k":100,"ix":5}},{"ty":"tr","a":{"a":0,"k":[0,0],"ix":1},"s":{"a":0,"k":[100,100],"ix":3},"sk":{"a":0,"k":0,"ix":4},"p":{"a":0,"k":[128.861,123.412],"ix":2},"r":{"a":0,"k":0,"ix":6},"sa":{"a":0,"k":0,"ix":5},"o":{"a":0,"k":100,"ix":7}}]},{"ty":"gr","bm":0,"hd":false,"mn":"ADBE Vector Group","nm":"Group 2","ix":2,"cix":2,"np":3,"it":[{"ty":"sh","bm":0,"hd":false,"mn":"ADBE Vector Shape - Group","nm":"Path 1","ix":1,"d":1,"ks":{"a":0,"k":{"c":true,"i":[[-11.513,23.012],[12.443,34.627],[0,0],[26.313,13.078],[16.153,0],[11.402,-4.098],[-20.928,-58.238],[-26.183,-12.724],[-27.823,8.542]],"o":[[12.801,-25.584],[0,0],[-10.152,-28.248],[-15.151,-7.529],[-11.828,0],[-55.755,20.036],[10.033,27.92],[25.784,12.53],[29.881,-9.177]],"v":[[104.804,55.866],[105.357,-37.505],[105.357,-37.506],[48.81,-101.591],[1.333,-112.918],[-33.712,-106.785],[-96.872,35.169],[-40.71,98.195],[42.42,104.376]]},"ix":2}},{"ty":"st","bm":0,"hd":false,"mn":"ADBE Vector Graphic - Stroke","nm":"Stroke 1","lc":1,"lj":1,"ml":4,"o":{"a":0,"k":100,"ix":4},"w":{"a":0,"k":5,"ix":5},"c":{"a":0,"k":[1,1,1],"ix":3}},{"ty":"fl","bm":0,"hd":false,"mn":"ADBE Vector Graphic - Fill","nm":"Fill 1","c":{"a":0,"k":[1,1,1],"ix":4},"r":1,"o":{"a":0,"k":100,"ix":5}},{"ty":"tr","a":{"a":0,"k":[0,0],"ix":1},"s":{"a":0,"k":[100,100],"ix":3},"sk":{"a":0,"k":0,"ix":4},"p":{"a":0,"k":[129.326,127.07],"ix":2},"r":{"a":0,"k":0,"ix":6},"sa":{"a":0,"k":0,"ix":5},"o":{"a":0,"k":100,"ix":7}}]}],"ind":9},{"ty":4,"nm":"Hand Outlines 2","sr":1,"st":0,"op":300,"ip":0,"hd":false,"ddd":0,"bm":0,"hasMask":false,"ao":0,"ks":{"a":{"a":0,"k":[269.12,5.537,0],"ix":1},"s":{"a":0,"k":[100,100,100],"ix":6},"sk":{"a":0,"k":0},"p":{"a":0,"k":[229.317,3.791,0],"ix":2},"r":{"a":1,"k":[{"o":{"x":0.333,"y":0},"i":{"x":0.667,"y":1},"s":[-10],"t":10},{"o":{"x":0.333,"y":0},"i":{"x":0.667,"y":1},"s":[0],"t":20},{"s":[-10],"t":40}],"ix":10},"sa":{"a":0,"k":0},"o":{"a":0,"k":100,"ix":11}},"ef":[],"shapes":[{"ty":"gr","bm":0,"hd":false,"mn":"ADBE Vector Group","nm":"Group 1","ix":1,"cix":2,"np":2,"it":[{"ty":"sh","bm":0,"hd":false,"mn":"ADBE Vector Shape - Group","nm":"Path 1","ix":1,"d":1,"ks":{"a":0,"k":{"c":true,"i":[[63.5,11.493],[21.539,13.338],[8.282,19.88],[-4.965,8.072],[0,0],[-8.048,-1.703],[-8.739,-4.798],[-45.923,8.013],[0,0],[-35.397,-54.299],[8.641,-8.057]],"o":[[-28.354,-5.132],[-13.979,-8.656],[-4.11,-9.868],[0,0],[4.339,-7.055],[6.282,1.328],[22.056,12.11],[0,0],[58.479,-10.203],[4.987,7.65],[-22.167,20.667]],"v":[[-6.803,51.794],[-84.553,21.294],[-130.76,-26.096],[-129.453,-53.517],[-129.453,-53.516],[-110.786,-61.584],[-88.861,-51.668],[9.327,-30.983],[11.123,-31.297],[122.005,4.168],[116.236,36.238]]},"ix":2}},{"ty":"fl","bm":0,"hd":false,"mn":"ADBE Vector Graphic - Fill","nm":"Fill 1","c":{"a":0,"k":[0,0,0],"ix":4},"r":1,"o":{"a":0,"k":100,"ix":5}},{"ty":"tr","a":{"a":0,"k":[0,0],"ix":1},"s":{"a":0,"k":[100,100],"ix":3},"sk":{"a":0,"k":0,"ix":4},"p":{"a":0,"k":[135.12,63.537],"ix":2},"r":{"a":0,"k":0,"ix":6},"sa":{"a":0,"k":0,"ix":5},"o":{"a":0,"k":100,"ix":7}}]}],"ind":10,"parent":9},{"ty":4,"nm":"Leg/panda1 Outlines 3","sr":1,"st":0,"op":300,"ip":0,"hd":false,"ddd":0,"bm":0,"hasMask":false,"ao":0,"ks":{"a":{"a":0,"k":[91,12,0],"ix":1},"s":{"a":0,"k":[100,100,100],"ix":6},"sk":{"a":0,"k":0},"p":{"s":true,"x":{"a":1,"k":[{"o":{"x":0.667,"y":0},"i":{"x":0.667,"y":1},"s":[549.772],"t":10},{"o":{"x":0.667,"y":0},"i":{"x":0.667,"y":1},"s":[525.091],"t":20},{"o":{"x":0.406,"y":0},"i":{"x":0.353,"y":1},"s":[502.884],"t":26},{"o":{"x":0.667,"y":0},"i":{"x":0.667,"y":1},"s":[549.772],"t":40},{"o":{"x":0.667,"y":0},"i":{"x":0.667,"y":1},"s":[525.091],"t":50},{"o":{"x":0.667,"y":0},"i":{"x":0.667,"y":1},"s":[502.884],"t":60},{"s":[549.772],"t":70}],"ix":3},"y":{"a":1,"k":[{"o":{"x":0.667,"y":0},"i":{"x":0.667,"y":1},"s":[633.994],"t":10},{"o":{"x":0.667,"y":0},"i":{"x":0.667,"y":1},"s":[621.233],"t":20},{"o":{"x":0.406,"y":0},"i":{"x":0.353,"y":1},"s":[637.384],"t":26},{"o":{"x":0.667,"y":0},"i":{"x":0.667,"y":1},"s":[633.994],"t":40},{"o":{"x":0.667,"y":0},"i":{"x":0.667,"y":1},"s":[621.233],"t":50},{"o":{"x":0.667,"y":0},"i":{"x":0.667,"y":1},"s":[637.384],"t":60},{"s":[633.994],"t":70}],"ix":4},"z":{"a":0,"k":0}},"r":{"a":1,"k":[{"o":{"x":0.5,"y":0},"i":{"x":0.667,"y":1},"s":[-30],"t":10},{"o":{"x":0.406,"y":0},"i":{"x":0.353,"y":1},"s":[15],"t":20},{"o":{"x":0.667,"y":0},"i":{"x":0.667,"y":1},"s":[-30],"t":40},{"o":{"x":0.667,"y":0},"i":{"x":0.667,"y":1},"s":[15],"t":50},{"o":{"x":0.667,"y":0},"i":{"x":0.667,"y":1},"s":[0],"t":60},{"s":[-30],"t":70}],"ix":10},"sa":{"a":0,"k":0},"o":{"a":0,"k":100,"ix":11}},"ef":[],"shapes":[{"ty":"gr","bm":0,"hd":false,"mn":"ADBE Vector Group","nm":"Group 1","ix":1,"cix":2,"np":2,"it":[{"ty":"sh","bm":0,"hd":false,"mn":"ADBE Vector Shape - Group","nm":"Path 1","ix":1,"d":1,"ks":{"a":0,"k":{"c":true,"i":[[41.782,4.048],[15.395,-10.335],[1.651,-17.054],[-6.738,-10.849],[0.828,-3.414],[3.199,-1.915],[-2.572,-15.417],[-19.339,-0.708],[-19.86,0.011],[-12.647,10.373],[-2.81,3.934],[1.418,8.499],[0.31,1.075],[-4.309,3.533],[-1.428,14.757]],"o":[[-20.061,-1.943],[-15.703,10.54],[-1.167,12.037],[1.839,2.962],[-0.867,3.575],[-19.75,11.816],[2.103,12.612],[21.187,0.775],[20.538,-0.012],[4.379,-3.591],[5.803,-8.126],[-0.183,-1.1],[-1.686,-5.823],[12.442,-10.204],[3.373,-34.817]],"v":[[17.545,-93.37],[-37.437,-80.357],[-64.347,-37.567],[-55.831,-2.583],[-54.264,7.304],[-60.571,15.817],[-88.005,59.307],[-55.514,89.26],[-4.865,90.547],[44.626,70.896],[55.426,59.568],[62.181,34.262],[61.437,30.985],[65.689,15.818],[87.204,-22.887]]},"ix":2}},{"ty":"fl","bm":0,"hd":false,"mn":"ADBE Vector Graphic - Fill","nm":"Fill 1","c":{"a":0,"k":[0,0,0],"ix":4},"r":1,"o":{"a":0,"k":100,"ix":5}},{"ty":"tr","a":{"a":0,"k":[0,0],"ix":1},"s":{"a":0,"k":[100,100],"ix":3},"sk":{"a":0,"k":0,"ix":4},"p":{"a":0,"k":[90.827,95.563],"ix":2},"r":{"a":0,"k":0,"ix":6},"sa":{"a":0,"k":0,"ix":5},"o":{"a":0,"k":100,"ix":7}}]}],"ind":11}],"v":"5.5.7","fr":30,"op":40,"ip":10,"assets":[]}